"ID","Registry name","Fog Color","Sky Color","Water Color","Water Fog Color","Grass Color","Foliage Color"
0,"biomeswevegone:allium_shrubland","0x00C0D8FF (12638463)","0x0078A7FF (7907327)","0x003F76E4 (4159204)","0x00050533 (329011)","0xFF9ABC53 (  -6636461)","0xFF77AF2B (  -8933589)"
1,"regions_unexplored:alpha_grove","0x00C0D8FF (12638463)","0x0079A6FF (7972607)","0x001C58DD (1857757)","0x00446FD2 (4485074)","0x0087D257 (   8901207)","0x005BFB3B (   6028091)"
2,"terralith:alpha_islands","0x00C0D8FF (12638463)","0x0079A6FF (7972607)","0x00274FFF (2576383)","0x00050533 (329011)","0x00B0FF7B (  11599739)","0x0078FF39 (   7929657)"
3,"terralith:alpha_islands_winter","0x00C0D8FF (12638463)","0x0079A6FF (7972607)","0x00274FFF (2576383)","0x00050533 (329011)","0x00B0FF7B (  11599739)","0x0078FF39 (   7929657)"
4,"terralith:alpine_grove","0x00D7D8E1 (14145761)","0x00A5B0BD (10858685)","0x003938C9 (3750089)","0x00050533 (329011)","0xFF8AB18D (  -7687795)","0xFF5EA37B ( -10574981)"
5,"terralith:alpine_highlands","0x00C0D8FF (12638463)","0x0078A7FF (7907327)","0x003F76E4 (4159204)","0x00050533 (329011)","0xFFA2B471 (  -6114191)","0xFF80A553 (  -8346285)"
6,"biomeswevegone:amaranth_grassland","0x00C0D8FF (12638463)","0x0078A7FF (7907327)","0x003F76E4 (4159204)","0x00050533 (329011)","0xFF9ABC53 (  -6636461)","0xFF77AF2B (  -8933589)"
7,"terralith:amethyst_canyon","0x00C0D8FF (12638463)","0x00CEC6FF (13551359)","0x0043D5EE (4445678)","0x00050533 (329011)","0x0070D484 (   7394436)","0x00C8A7FF (  13150207)"
8,"terralith:amethyst_rainforest","0x00C0D8FF (12638463)","0x00CEC6FF (13551359)","0x0043D5EE (4445678)","0x00050533 (329011)","0x0070D484 (   7394436)","0x00C8A7FF (  13150207)"
9,"regions_unexplored:ancient_delta","0x00C0D8FF (12638463)","0x0079A6FF (7972607)","0xFF33FFFF (-13369345)","0x00050533 (329011)","0x00F8FF84 (  16318340)","0xFF659C58 ( -10118056)"
10,"terralith:ancient_sands","0x00BB9B9D (12295069)","0x00857769 (8746857)","0x0077E0F7 (7856375)","0x00050533 (329011)","0xFFC8B650 (  -3623344)","0xFFB2A726 (  -5069018)"
11,"spawn:ant_gardens","0x00C0D8FF (12638463)","0x0078A7FF (7907327)","0x003F76E4 (4159204)","0x00050533 (329011)","0xFF9ABC53 (  -6636461)","0xFF77AF2B (  -8933589)"
12,"biomeswevegone:araucaria_savanna","0x00C0D8FF (12638463)","0x0075AAFF (7711487)","0x003F76E4 (4159204)","0x00050533 (329011)","0x00A5B755 (  10860373)","0x00A5B755 (  10860373)"
13,"terralith:arid_highlands","0x00C0D8FF (12638463)","0x0075AAFF (7711487)","0x003F76E4 (4159204)","0x00050533 (329011)","0xFFBBB94E (  -4474546)","0xFFA2AB22 (  -6116574)"
14,"regions_unexplored:arid_mountains","0x00C0D8FF (12638463)","0x0072ADFF (7515647)","0x003F76E4 (4159204)","0x00050533 (329011)","0xFFBEB44A (  -4279222)","0xFF98A53A (  -6773446)"
15,"terralith:ashen_savanna","0x00CDE6FF (13494015)","0x00B1D1FF (11653631)","0x003F76E4 (4159204)","0x00050533 (329011)","0x00C0BBAC (  12630956)","0x00C2C0A9 (  12763305)"
16,"regions_unexplored:ashen_woodland","0xFF9E958F (-6384241)","0x00B1AE9C (11644572)","0xFF664938 (-10073800)","0xFF4F392C (-11585236)","0x00BDBCAD (  12434605)","0x00E9DDC2 (  15326658)"
17,"biomeswevegone:aspen_boreal","0x00C0D8FF (12638463)","0x007BA4FF (8103167)","0x003F76E4 (4159204)","0x00050533 (329011)","0x00B5BB6A (  11909994)","0x00D8992B (  14194987)"
18,"biomeswevegone:atacama_outback","0x00C38C80 (12815488)","0x00C38C80 (12815488)","0x005E9CC9 (6200521)","0x005E9CC9 (6200521)","0xFFC8B650 (  -3623344)","0xFFB2A726 (  -5069018)"
19,"biomesoplenty:auroral_garden","0x00F0FDFD (15793661)","0x00BDECFC (12446972)","0x003938C9 (3750089)","0x00050533 (329011)","0x00DBFCFC (  14417148)","0x00A5F7F7 (  10876919)"
20,"regions_unexplored:autumnal_maple_forest","0x00C0D8FF (12638463)","0x007BA4FF (8103167)","0x003F76E4 (4159204)","0x00050533 (329011)","0x00C4C73A (  12896058)","0x0096B73A (   9877306)"
21,"minecraft:badlands","0x00E2D7C3 (14866371)","0x00E2D3B3 (14865331)","0x003F76E4 (4159204)","0x00050533 (329011)","0x0090814D (   9470285)","0x009E814D (  10387789)"
22,"regions_unexplored:bamboo_forest","0x00B1CCB5 (11652277)","0x00A2C1B5 (10666421)","0x003F76E4 (4159204)","0x00050533 (329011)","0x00B4DE74 (  11853428)","0x00A9FF63 (  11140963)"
23,"minecraft:bamboo_jungle","0x00C0D8FF (12638463)","0x0077A8FF (7842047)","0x003F76E4 (4159204)","0x00050533 (329011)","0xFF65C732 ( -10107086)","0xFF2CC005 ( -13844475)"
24,"biomeswevegone:baobab_savanna","0x00C0D8FF (12638463)","0x0075AAFF (7711487)","0x003F76E4 (4159204)","0x00050533 (329011)","0x00A5B755 (  10860373)","0x00A5B755 (  10860373)"
25,"regions_unexplored:baobab_savanna","0x00C0D8FF (12638463)","0x006EB1FF (7254527)","0x003F76E4 (4159204)","0x00050533 (329011)","0xFFB8BA55 (  -4670891)","0xFF9ABA55 (  -6636971)"
26,"regions_unexplored:barley_fields","0x00C0D8FF (12638463)","0x0079A6FF (7972607)","0x003F76E4 (4159204)","0x00050533 (329011)","0xFFFFE986 (     -5754)","0xFFAFC957 (  -5256873)"
27,"biomeswevegone:basalt_barrera","0x00C0D8FF (12638463)","0x0078A7FF (7907327)","0x003F76E4 (4159204)","0x00050533 (329011)","0xFF7BC043 (  -8667069)","0xFF4DB719 ( -11684071)"
28,"terralith:basalt_cliffs","0x00C0D8FF (12638463)","0x007DA2FF (8233727)","0x003F76E4 (4159204)","0x00050533 (329011)","0xFF9EB66B (  -6375829)","0xFF79A74C (  -8804532)"
29,"minecraft:basalt_deltas","0x00685F70 (6840176)","0x006EB1FF (7254527)","0x003F76E4 (4159204)","0x00050533 (329011)","0xFFC8B650 (  -3623344)","0xFFB2A726 (  -5069018)"
30,"biomesoplenty:bayou","0x00C0D8FF (12638463)","0x0077A8FF (7842047)","0x0062AF84 (6467460)","0x000C211C (794908)","0x006FAA50 (   7318096)","0x008BDB67 (   9165671)"
31,"biomeswevegone:bayou","0x00C0D8FF (12638463)","0x0078A7FF (7907327)","0x00497A4E (4815438)","0x00668027 (6717479)","0x00708C38 (   7375928)","0x0060B250 (   6337104)"
32,"regions_unexplored:bayou","0xFFB1CCB5 (-5124939)","0xFFA2C1B5 (-6110795)","0xFF437C4A (-12354486)","0xFF60894A (-10450614)","0xFF7CA254 (  -8609196)","0xFF71934C (  -9333940)"
33,"minecraft:beach","0x00C0D8FF (12638463)","0x0078A7FF (7907327)","0x003F76E4 (4159204)","0x00050533 (329011)","0xFF9ABC53 (  -6636461)","0xFF77AF2B (  -8933589)"
34,"regions_unexplored:bioshroom_caves","0x00C0D8FF (12638463)","0x006EB1FF (7254527)","0x003F76E4 (4159204)","0x00050533 (329011)","0xFF56BA5E ( -11093410)","0xFF56BA8F ( -11093361)"
35,"minecraft:birch_forest","0x00C0D8FF (12638463)","0x007AA5FF (8037887)","0x003F76E4 (4159204)","0x00050533 (329011)","0xFF92B95F (  -7161505)","0xFF69AC3C (  -9851844)"
36,"terralith:birch_taiga","0x00C0D8FF (12638463)","0x007DA2FF (8233727)","0x003F76E4 (4159204)","0x00050533 (329011)","0x008DC876 (   9291894)","0x00F3B437 (  15971383)"
37,"biomeswevegone:black_forest","0x00C0D8FF (12638463)","0x007BA4FF (8103167)","0x003F76E4 (4159204)","0x00050533 (329011)","0x004C763C (   5011004)","0x00228B22 (   2263842)"
38,"regions_unexplored:blackstone_basin","0x0006091B (395547)","0x0006091B (395547)","0x00535BF3 (5463027)","0x0006091B (395547)","0x00535BF3 (   5463027)","0x00535BF3 (   5463027)"
39,"regions_unexplored:blackwood_taiga","0x00AEC99F (11454879)","0x00AEC99F (11454879)","0x002F6DA2 (3108258)","0x00406483 (4220035)","0x003E6727 (   4089639)","0x0042552B (   4347179)"
40,"terralith:blooming_plateau","0x00C0D8FF (12638463)","0x007BA4FF (8103167)","0x000E4ECF (937679)","0x00050533 (329011)","0xFF8CB865 (  -7554971)","0xFF62AC45 ( -10310587)"
41,"terralith:blooming_valley","0x00C0D8FF (12638463)","0x0079A6FF (7972607)","0x003F76E4 (4159204)","0x00050533 (329011)","0xFF83BE53 (  -8143277)","0xFF57B22C ( -11029972)"
42,"biomesoplenty:bog","0x00C0D8FF (12638463)","0x007DA2FF (8233727)","0x003F76E4 (4159204)","0x00050533 (329011)","0x00A89557 (  11048279)","0x00C67F5B (  13008731)"
43,"regions_unexplored:boreal_taiga","0x00C0D8FF (12638463)","0x007AA5FF (8037887)","0xFF3F6FB4 (-12619852)","0x00717868 (7436392)","0x0088AF64 (   8957796)","0x007BA64E (   8103502)"
44,"terralith:brushland","0x00CDE6FF (13494015)","0x00B1D1FF (11653631)","0x003F76E4 (4159204)","0x00050533 (329011)","0xFFAEBA48 (  -5326264)","0xFF93AD1E (  -7099106)"
45,"terralith:bryce_canyon","0x00E2D7C3 (14866371)","0x00E2D3B3 (14865331)","0x003F76E4 (4159204)","0x00050533 (329011)","0x0090814D (   9470285)","0x009E814D (  10387789)"
46,"terralith:caldera","0x00E0E9FF (14739967)","0x0077A8FF (7842047)","0x0077E0F7 (7856375)","0x00050533 (329011)","0x00C6D097 (  13029527)","0xFF64AB4B ( -10179765)"
47,"biomeswevegone:canadian_shield","0x00C0D8FF (12638463)","0x007DA3FF (8233983)","0x003F76E4 (4159204)","0x00050533 (329011)","0xFF92B37C (  -7163012)","0xFF6BA564 (  -9722524)"
48,"terralith:cave/andesite_caves","0x00C0D8FF (12638463)","0x0076A8FF (7776511)","0x003F76E4 (4159204)","0x00050533 (329011)","0xFFA2BD45 (  -6111931)","0xFF83B019 (  -8146919)"
49,"terralith:cave/crystal_caves","0x00101419 (1053721)","0x001F242D (2040877)","0x003F76E4 (4159204)","0x00050533 (329011)","0xFFA2BD45 (  -6111931)","0xFF83B019 (  -8146919)"
50,"terralith:cave/deep_caves","0x00101419 (1053721)","0x001F242D (2040877)","0x003F76E4 (4159204)","0x00050533 (329011)","0xFFA0B764 (  -6244508)","0xFF7DA943 (  -8541885)"
51,"terralith:cave/desert_caves","0x00C0D8FF (12638463)","0x0078A7FF (7907327)","0x003F76E4 (4159204)","0x00050533 (329011)","0xFF9ABC53 (  -6636461)","0xFF77AF2B (  -8933589)"
52,"terralith:cave/diorite_caves","0x00C0D8FF (12638463)","0x0076A8FF (7776511)","0x003F76E4 (4159204)","0x00050533 (329011)","0xFFA2BD45 (  -6111931)","0xFF83B019 (  -8146919)"
53,"terralith:cave/frostfire_caves","0x00000000 (0)","0x00000000 (0)","0x001B46D0 (1787600)","0x00050533 (329011)","0xFF9ABC53 (  -6636461)","0xFF77AF2B (  -8933589)"
54,"terralith:cave/fungal_caves","0x00C0D8FF (12638463)","0x0076A8FF (7776511)","0x003F76E4 (4159204)","0x00050533 (329011)","0xFFA2BD45 (  -6111931)","0x00997C5B (  10058843)"
55,"terralith:cave/granite_caves","0x00C0D8FF (12638463)","0x0076A8FF (7776511)","0x003F76E4 (4159204)","0x00050533 (329011)","0xFFA2BD45 (  -6111931)","0xFF83B019 (  -8146919)"
56,"terralith:cave/ice_caves","0x00C0D8FF (12638463)","0x0076A8FF (7776511)","0x003F76E4 (4159204)","0x00050533 (329011)","0xFFA2BD45 (  -6111931)","0xFF83B019 (  -8146919)"
57,"terralith:cave/infested_caves","0x00C0D8FF (12638463)","0x0076A8FF (7776511)","0x003F76E4 (4159204)","0x00050533 (329011)","0xFFA2BD45 (  -6111931)","0x00BBBFC4 (  12304324)"
58,"terralith:cave/mantle_caves","0x00000000 (0)","0x00000000 (0)","0x001B46D0 (1787600)","0x00050533 (329011)","0xFFC8B650 (  -3623344)","0xFFB2A726 (  -5069018)"
59,"terralith:cave/thermal_caves","0x00C0D8FF (12638463)","0x0078A7FF (7907327)","0x0043E7D6 (4450262)","0x00050533 (329011)","0xFF9ABC53 (  -6636461)","0xFF77AF2B (  -8933589)"
60,"terralith:cave/tuff_caves","0x00C0D8FF (12638463)","0x0076A8FF (7776511)","0x003F76E4 (4159204)","0x00050533 (329011)","0xFFA2BD45 (  -6111931)","0xFF83B019 (  -8146919)"
61,"terralith:cave/underground_jungle","0x00C0D8FF (12638463)","0x007BA4FF (8103167)","0x0045BE90 (4570768)","0x00050533 (329011)","0xFF98B76A (  -6768790)","0x0087C059 (   8896601)"
62,"regions_unexplored:chalk_cliffs","0x00C0D8FF (12638463)","0x0078A7FF (7907327)","0x003F76E4 (4159204)","0x00050533 (329011)","0xFFA3C563 (  -6044317)","0xFF7F9A4E (  -8414642)"
63,"minecraft:cherry_grove","0x00C0D8FF (12638463)","0x007BA4FF (8103167)","0x005DB7EF (6141935)","0x005DB7EF (6141935)","0x00B6DB61 (  11983713)","0x00B6DB61 (  11983713)"
64,"biomeswevegone:cika_woods","0x00C0D8FF (12638463)","0x007CA3FF (8168447)","0x003F76E4 (4159204)","0x00050533 (329011)","0x00CCAF5B (  13414235)","0x00CCAF5B (  13414235)"
65,"terralith:cloud_forest","0x00A5B0BD (10858685)","0x00D7D8E1 (14145761)","0x0027A4D7 (2598103)","0x00050533 (329011)","0x005C9A70 (   6068848)","0x00A5C29C (  10863260)"
66,"biomesoplenty:clover_patch","0x00C0D8FF (12638463)","0x007AA5FF (8037887)","0x003F76E4 (4159204)","0x00050533 (329011)","0x0088C57F (   8963455)","0x006AB66F (   6993519)"
67,"regions_unexplored:clover_plains","0x00C0D8FF (12638463)","0x0079A6FF (7972607)","0x003F76E4 (4159204)","0x00050533 (329011)","0xFFA3C563 (  -6044317)","0xFFA3C563 (  -6044317)"
68,"biomeswevegone:coconino_meadow","0x00C0D8FF (12638463)","0x0078A7FF (7907327)","0x003F76E4 (4159204)","0x00050533 (329011)","0x0063A567 (   6530407)","0x005B8C5D (   5999709)"
69,"regions_unexplored:cold_boreal_taiga","0x00C0D8FF (12638463)","0x007FA1FF (8364543)","0x003F76E4 (4159204)","0x00050533 (329011)","0xFF68AD64 (  -9917084)","0xFF689858 (  -9922472)"
70,"regions_unexplored:cold_deciduous_forest","0x00C0D8FF (12638463)","0x007FA1FF (8364543)","0x003F76E4 (4159204)","0x00050533 (329011)","0x0066B9A4 (   6732196)","0x0055AB84 (   5614468)"
71,"biomesoplenty:cold_desert","0x00C0D8FF (12638463)","0x007DA3FF (8233983)","0x003F76E4 (4159204)","0x00050533 (329011)","0x00AD9364 (  11375460)","0x00B5A76C (  11904876)"
72,"minecraft:cold_ocean","0x00C0D8FF (12638463)","0x007BA4FF (8103167)","0x003D57D6 (4020182)","0x00050533 (329011)","0xFF98B76A (  -6768790)","0xFF70AA4A (  -9393590)"
73,"regions_unexplored:cold_river","0x00C0D8FF (12638463)","0x0079A6FF (7972607)","0x003F76E4 (4159204)","0x00050533 (329011)","0xFFB7C761 (  -4733087)","0xFFA8BF64 (  -5718172)"
74,"terralith:cold_shrubland","0x00CDE6FF (13494015)","0x00B1D1FF (11653631)","0x003F76A0 (4159136)","0x00050533 (329011)","0x00937554 (   9663828)","0x00B99470 (  12162160)"
75,"biomesoplenty:coniferous_forest","0x00C0D8FF (12638463)","0x007BA4FF (8103167)","0x003F76E4 (4159204)","0x00050533 (329011)","0xFF97B76D (  -6834323)","0xFF70A84F (  -9394097)"
76,"biomeswevegone:coniferous_forest","0x00C0D8FF (12638463)","0x007DA3FF (8233983)","0x003F76E4 (4159204)","0x00050533 (329011)","0x004C763C (   5011004)","0x00228B22 (   2263842)"
77,"biomesoplenty:crag","0x00C0D8FF (12638463)","0x007AA5FF (8037887)","0x003F76E4 (4159204)","0x00050533 (329011)","0xFF92B95F (  -7161505)","0xFF69AC3C (  -9851844)"
78,"biomeswevegone:crag_gardens","0x00C0D8FF (12638463)","0x0077A8FF (7842047)","0x008CD8F2 (9230578)","0x002B444C (2835532)","0x009ACD32 (  10145074)","0x009ACD32 (  10145074)"
79,"arphex:crawling_main","0x00C0D8FF (12638463)","0x0079A6FF (7972607)","0x003F76E4 (4159204)","0x00050533 (329011)","0x0090814D (   9470285)","0x009E814D (  10387789)"
80,"minecraft:crimson_forest","0x00330303 (3343107)","0x006EB1FF (7254527)","0x003F76E4 (4159204)","0x00050533 (329011)","0xFFC8B650 (  -3623344)","0xFFB2A726 (  -5069018)"
81,"biomeswevegone:crimson_tundra","0x00C0D8FF (12638463)","0x00C1CCCC (12700876)","0x005E9CC9 (6200521)","0x005E9CC9 (6200521)","0x00CC4928 (  13388072)","0x00CC4928 (  13388072)"
82,"galosphere:crystal_canyons","0x00C0D8FF (12638463)","0x007BA4FF (8103167)","0x0043D5EE (4445678)","0x00050533 (329011)","0xFF98B76A (  -6768790)","0xFF70AA4A (  -9393590)"
83,"biomesoplenty:crystalline_chasm","0x0059002C (5832748)","0x006EB1FF (7254527)","0x003F76E4 (4159204)","0x00050533 (329011)","0xFFC8B650 (  -3623344)","0xFFB2A726 (  -5069018)"
84,"biomeswevegone:cypress_swamplands","0x00C0D8FF (12638463)","0x0078A7FF (7907327)","0x003F76E4 (4159204)","0x00050533 (329011)","0x0060B250 (   6337104)","0x0060B250 (   6337104)"
85,"biomeswevegone:dacite_ridges","0x00C0D8FF (12638463)","0x007DA3FF (8233983)","0x008CD8F2 (9230578)","0x002B444C (2835532)","0x004C763C (   5011004)","0x00228B22 (   2263842)"
86,"biomeswevegone:dacite_shore","0x00C0D8FF (12638463)","0x007DA3FF (8233983)","0x008CD8F2 (9230578)","0x002B444C (2835532)","0x004C763C (   5011004)","0x00228B22 (   2263842)"
87,"minecraft:dark_forest","0x00C0D8FF (12638463)","0x0079A6FF (7972607)","0x00669384 (6722436)","0x00050533 (329011)","0x0055792E (   5601582)","0xFF57B22C ( -11029972)"
88,"biomesoplenty:dead_forest","0x00C0D8FF (12638463)","0x007DA2FF (8233727)","0x003F76E4 (4159204)","0x00050533 (329011)","0x00BAAD64 (  12234084)","0x00B7B763 (  12040035)"
89,"biomeswevegone:dead_sea","0x00C0D8FF (12638463)","0x006EB1FF (7254527)","0x008CD8F2 (9230578)","0x002B444C (2835532)","0xFFC8B650 (  -3623344)","0xFFB2A726 (  -5069018)"
90,"regions_unexplored:deciduous_forest","0x00C0D8FF (12638463)","0x0079A6FF (7972607)","0x003F76E4 (4159204)","0x00050533 (329011)","0x0084C445 (   8700997)","0x0073A538 (   7578936)"
91,"minecraft:deep_cold_ocean","0x00C0D8FF (12638463)","0x007BA4FF (8103167)","0x003D57D6 (4020182)","0x00050533 (329011)","0xFF98B76A (  -6768790)","0xFF70AA4A (  -9393590)"
92,"minecraft:deep_dark","0x00C0D8FF (12638463)","0x0078A7FF (7907327)","0x003F76E4 (4159204)","0x00050533 (329011)","0xFF9ABC53 (  -6636461)","0xFF77AF2B (  -8933589)"
93,"minecraft:deep_frozen_ocean","0x00D7D8E1 (14145761)","0x00A5B0BD (10858685)","0x003938C9 (3750089)","0x00050533 (329011)","0xFF8AB18D (  -7687795)","0xFF5EA37B ( -10574981)"
94,"minecraft:deep_lukewarm_ocean","0x00C0D8FF (12638463)","0x007BA4FF (8103167)","0x0045ADF2 (4566514)","0x00041633 (267827)","0xFF98B76A (  -6768790)","0xFF70AA4A (  -9393590)"
95,"minecraft:deep_ocean","0x00C0D8FF (12638463)","0x007BA4FF (8103167)","0x003F76E4 (4159204)","0x00050533 (329011)","0xFF98B76A (  -6768790)","0xFF70AA4A (  -9393590)"
96,"terrablender:deferred_placeholder","0x00C0D8FF (12638463)","0x007BA4FF (8103167)","0x003F76E4 (4159204)","0x00050533 (329011)","0xFF98B76A (  -6768790)","0xFF70AA4A (  -9393590)"
97,"minecraft:desert","0x00CDE6FF (13494015)","0x00B1D1FF (11653631)","0x0077E0F7 (7856375)","0x00050533 (329011)","0xFFC8B650 (  -3623344)","0xFFB2A726 (  -5069018)"
98,"terralith:desert_canyon","0x00CDE6FF (13494015)","0x00B1D1FF (11653631)","0x0077E0F7 (7856375)","0x00050533 (329011)","0xFFC8B650 (  -3623344)","0xFFB2A726 (  -5069018)"
99,"terralith:desert_oasis","0x00CDE6FF (13494015)","0x00B1D1FF (11653631)","0x0045BE90 (4570768)","0x00050533 (329011)","0x0077B338 (   7844664)","0x004EB338 (   5157688)"
100,"terralith:desert_spires","0x00CDE6FF (13494015)","0x00B1D1FF (11653631)","0x0045BE90 (4570768)","0x00050533 (329011)","0x0077B338 (   7844664)","0x004EB338 (   5157688)"
101,"minecraft:dripstone_caves","0x00C0D8FF (12638463)","0x0078A7FF (7907327)","0x003F76E4 (4159204)","0x00050533 (329011)","0xFF9ABC53 (  -6636461)","0xFF77AF2B (  -8933589)"
102,"regions_unexplored:dry_bushland","0x00C0D8FF (12638463)","0x006EB1FF (7254527)","0x003F76E4 (4159204)","0x00050533 (329011)","0xFFC9CC8D (  -3552115)","0xFFB2C87C (  -5060484)"
103,"biomesoplenty:dryland","0x00C0D8FF (12638463)","0x009E9DFF (10395135)","0x003F76E4 (4159204)","0x00050533 (329011)","0x00E5DFA9 (  15065001)","0x00DAE0B3 (  14344371)"
104,"biomesoplenty:dune_beach","0x00C0D8FF (12638463)","0x0079A6FF (7972607)","0x003F76E4 (4159204)","0x00050533 (329011)","0xFF9BBA5C (  -6571428)","0xFF77AC36 (  -8934346)"
105,"biomeswevegone:ebony_woods","0x00C0D8FF (12638463)","0x0078A7FF (7907327)","0x003F76E4 (4159204)","0x00050533 (329011)","0x00527F57 (   5406551)","0x00648C36 (   6589494)"
106,"terralith:emerald_peaks","0x00D7D8E1 (14145761)","0x00A5B0BD (10858685)","0x003F76E4 (4159204)","0x00050533 (329011)","0x006783AF (   6783919)","0x00879DAF (   8887727)"
107,"biomeswevegone:enchanted_tangle","0x00C0D8FF (12638463)","0x0078A7FF (7907327)","0x003F76E4 (4159204)","0x00050533 (329011)","0x0098A521 (  10003745)","0x00B58ECC (  11898572)"
108,"minecraft:end_barrens","0x00A080A0 (10518688)","0x00000000 (0)","0x003F76E4 (4159204)","0x00050533 (329011)","0xFF98B76A (  -6768790)","0xFF70AA4A (  -9393590)"
109,"minecraft:end_highlands","0x00A080A0 (10518688)","0x00000000 (0)","0x003F76E4 (4159204)","0x00050533 (329011)","0xFF98B76A (  -6768790)","0xFF70AA4A (  -9393590)"
110,"minecraft:end_midlands","0x00A080A0 (10518688)","0x00000000 (0)","0x003F76E4 (4159204)","0x00050533 (329011)","0xFF98B76A (  -6768790)","0xFF70AA4A (  -9393590)"
111,"minecraft:eroded_badlands","0x00E2D7C3 (14866371)","0x00E2D3B3 (14865331)","0x003F76E4 (4159204)","0x00050533 (329011)","0x0090814D (   9470285)","0x009E814D (  10387789)"
112,"biomeswevegone:eroded_borealis","0x00C0D8FF (12638463)","0x00839EFF (8625919)","0x003F76E4 (4159204)","0x00050533 (329011)","0xFF8AB18D (  -7687795)","0xFF5EA37B ( -10574981)"
113,"biomesoplenty:erupting_inferno","0x004F2B13 (5188371)","0x006EB1FF (7254527)","0x003F76E4 (4159204)","0x00050533 (329011)","0xFFC8B650 (  -3623344)","0xFFB2A726 (  -5069018)"
114,"regions_unexplored:eucalyptus_forest","0x00C0D8FF (12638463)","0x0079A6FF (7972607)","0x003F76E4 (4159204)","0x00050533 (329011)","0x0093B536 (   9680182)","0x0086B52B (   8828203)"
115,"regions_unexplored:fen","0x00C0D8FF (12638463)","0x007CA4FF (8168703)","0xFF4E8BB3 (-11629645)","0xFF3B6683 (-12884349)","0x00A5AF5D (  10858333)","0x0085954A (   8754506)"
116,"biomesoplenty:field","0x00C0D8FF (12638463)","0x007CA4FF (8168703)","0x003F76E4 (4159204)","0x00050533 (329011)","0x0063B26D (   6533741)","0x0063B26D (   6533741)"
117,"biomesoplenty:fir_clearing","0x00C0D8FF (12638463)","0x007BA4FF (8103167)","0x003F76E4 (4159204)","0x00050533 (329011)","0xFF97B76D (  -6834323)","0xFF70A84F (  -9394097)"
118,"biomeswevegone:firecracker_chaparral","0x00C0D8FF (12638463)","0x006EB1FF (7254527)","0x003F76E4 (4159204)","0x00050533 (329011)","0x0096AA6F (   9874031)","0x006B8E23 (   7048739)"
119,"biomesoplenty:floodplain","0x00C0D8FF (12638463)","0x0075AAFF (7711487)","0x003FAABE (4172478)","0x00041A2C (268844)","0x007FD43D (   8377405)","0x005BCD25 (   6016293)"
120,"regions_unexplored:flower_fields","0x00C0D8FF (12638463)","0x0076A8FF (7776511)","0x003F76E4 (4159204)","0x00050533 (329011)","0xFF73C94B (  -9189045)","0xFF5DB743 ( -10635453)"
121,"minecraft:flower_forest","0x00C0D8FF (12638463)","0x0079A6FF (7972607)","0x003F76E4 (4159204)","0x00050533 (329011)","0xFF83BE53 (  -8143277)","0xFF57B22C ( -11029972)"
122,"minecraft:forest","0x00C0D8FF (12638463)","0x0079A6FF (7972607)","0x003F76E4 (4159204)","0x00050533 (329011)","0xFF83BE53 (  -8143277)","0xFF57B22C ( -11029972)"
123,"biomesoplenty:forested_field","0x00C0D8FF (12638463)","0x007CA4FF (8168703)","0x003F76E4 (4159204)","0x00050533 (329011)","0x0063B26D (   6533741)","0x0063B26D (   6533741)"
124,"terralith:forested_highlands","0x00C0D8FF (12638463)","0x0078A7FF (7907327)","0x003F76E4 (4159204)","0x00050533 (329011)","0xFF9BB375 (  -6573195)","0x00EC5448 (  15488072)"
125,"biomeswevegone:forgotten_forest","0x00C0D8FF (12638463)","0x0078A7FF (7907327)","0x003F76E4 (4159204)","0x00050533 (329011)","0x007A996B (   8034667)","0x0063A53A (   6530362)"
126,"terralith:fractured_savanna","0x00E2D7C3 (14866371)","0x00E2D3B3 (14865331)","0x00927C66 (9600102)","0x00050533 (329011)","0xFFC8B650 (  -3623344)","0x009E814D (  10387789)"
127,"biomeswevegone:fragment_jungle","0x00C0D8FF (12638463)","0x007DA3FF (8233983)","0x003F76E4 (4159204)","0x00050533 (329011)","0x009ACD32 (  10145074)","0x009ACD32 (  10145074)"
128,"biomeswevegone:frosted_coniferous_forest","0x00C0D8FF (12638463)","0x00839EFF (8625919)","0x003F76E4 (4159204)","0x00050533 (329011)","0x004C763C (   5011004)","0x00228B22 (   2263842)"
129,"biomeswevegone:frosted_taiga","0x00C0D8FF (12638463)","0x00839EFF (8625919)","0x003F76E4 (4159204)","0x00050533 (329011)","0xFF8AB18D (  -7687795)","0xFF5EA37B ( -10574981)"
130,"terralith:frozen_cliffs","0x00D7D8E1 (14145761)","0x00A5B0BD (10858685)","0x003F76E4 (4159204)","0x00050533 (329011)","0xFF8AB18D (  -7687795)","0xFF5EA37B ( -10574981)"
131,"minecraft:frozen_ocean","0x00D7D8E1 (14145761)","0x00A5B0BD (10858685)","0x003938C9 (3750089)","0x00050533 (329011)","0xFF8AB18D (  -7687795)","0xFF5EA37B ( -10574981)"
132,"minecraft:frozen_peaks","0x00D7D8E1 (14145761)","0x00A5B0BD (10858685)","0x003938C9 (3750089)","0x00050533 (329011)","0xFF8AB18D (  -7687795)","0xFF5EA37B ( -10574981)"
133,"regions_unexplored:frozen_pine_taiga","0x00C0D8FF (12638463)","0x007FA1FF (8364543)","0x003F76E4 (4159204)","0x00050533 (329011)","0xFF68AD64 (  -9917084)","0xFF689858 (  -9922472)"
134,"minecraft:frozen_river","0x00D7D8E1 (14145761)","0x00A5B0BD (10858685)","0x003938C9 (3750089)","0x00050533 (329011)","0xFF8AB18D (  -7687795)","0xFF5EA37B ( -10574981)"
135,"regions_unexplored:frozen_tundra","0x00C0D8FF (12638463)","0x007FA1FF (8364543)","0x003F76E4 (4159204)","0x00050533 (329011)","0xFFB06950 (  -5215920)","0xFFB08850 (  -5207984)"
136,"regions_unexplored:fungal_fen","0x00C0E1D1 (12640721)","0x006EB1FF (7254527)","0x0060B78C (6338444)","0x0000644A (25674)","0x007CB747 (   8173383)","0x00A2C64D (  10667597)"
137,"biomesoplenty:fungal_jungle","0x00E1ED63 (14806371)","0x0062DCEA (6479082)","0x003FDF64 (4185956)","0x00042F18 (274200)","0x00CCE525 (  13428005)","0x00E0E522 (  14738722)"
138,"terralith:glacial_chasm","0x00C0D8FF (12638463)","0x0078A7FF (7907327)","0x003F76E4 (4159204)","0x00050533 (329011)","0xFF8AB18D (  -7687795)","0xFF5EA37B ( -10574981)"
139,"quark:glimmering_weald","0x00C0D8FF (12638463)","0x0078A7FF (7907327)","0x003F76E4 (4159204)","0x00050533 (329011)","0xFF9ABC53 (  -6636461)","0xFF77AF2B (  -8933589)"
140,"regions_unexplored:glistering_meadow","0x00420C68 (4328552)","0x00420C68 (4328552)","0x00B8009D (12058781)","0x00B8009D (12058781)","0x00B8009D (  12058781)","0x00B8009D (  12058781)"
141,"biomesoplenty:glowing_grotto","0x00C0D8FF (12638463)","0x007BA4FF (8103167)","0x003F76E4 (4159204)","0x00050533 (329011)","0xFF98B76A (  -6768790)","0xFF70AA4A (  -9393590)"
142,"regions_unexplored:golden_boreal_taiga","0x00C0D8FF (12638463)","0x0079A6FF (7972607)","0xFF3F6FB4 (-12619852)","0x00717868 (7436392)","0x009EB35F (  10400607)","0x00BFB050 (  12562512)"
143,"terralith:granite_cliffs","0x00C0D8FF (12638463)","0x007DA2FF (8233727)","0x003F76E4 (4159204)","0x00050533 (329011)","0xFF9BB573 (  -6572685)","0xFF76A655 (  -9001387)"
144,"biomesoplenty:grassland","0x00C0D8FF (12638463)","0x007AA5FF (8037887)","0x003F76E4 (4159204)","0x00050533 (329011)","0x005EBF6A (   6209386)","0x0055BC71 (   5618801)"
145,"regions_unexplored:grassland","0x00C0D8FF (12638463)","0x0077A8FF (7842047)","0x003F76E4 (4159204)","0x00050533 (329011)","0xFFA3C563 (  -6044317)","0xFF92BF54 (  -7159980)"
146,"regions_unexplored:grassy_beach","0x00C0D8FF (12638463)","0x0078A7FF (7907327)","0x003F76E4 (4159204)","0x00050533 (329011)","0xFFD6D579 (  -2697863)","0xFF77B14D (  -8933043)"
147,"regions_unexplored:gravel_beach","0x00C0D8FF (12638463)","0x0078A7FF (7907327)","0x003F76E4 (4159204)","0x00050533 (329011)","0xFF88AF64 (  -7819420)","0xFF7BA64E (  -8673714)"
148,"terralith:gravel_beach","0x00C0D8FF (12638463)","0x0078A7FF (7907327)","0x003F76E4 (4159204)","0x00050533 (329011)","0xFF9ABC53 (  -6636461)","0xFF77AF2B (  -8933589)"
149,"terralith:gravel_desert","0x00D7D8E1 (14145761)","0x00A5B0BD (10858685)","0x003938C9 (3750089)","0x00050533 (329011)","0xFF8FB382 (  -7359614)","0xFF65A56E ( -10115730)"
150,"minecraft:grove","0x00D7D8E1 (14145761)","0x00A5B0BD (10858685)","0x003938C9 (3750089)","0x00050533 (329011)","0xFF8AB18D (  -7687795)","0xFF5EA37B ( -10574981)"
151,"terralith:haze_mountain","0x00A5B0BD (10858685)","0x00D7D8E1 (14145761)","0x003F76A0 (4159136)","0x00050533 (329011)","0x009FA885 (  10463365)","0x00A4AF70 (  10792816)"
152,"biomesoplenty:highland","0x00C0D8FF (12638463)","0x007AA5FF (8037887)","0x003F76E4 (4159204)","0x00050533 (329011)","0xFF92B95F (  -7161505)","0xFF69AC3C (  -9851844)"
153,"regions_unexplored:highland_fields","0x00C0D8FF (12638463)","0x006EB1FF (7254527)","0x003F76E4 (4159204)","0x00050533 (329011)","0xFF6ABA6B (  -9782677)","0xFF81BA6A (  -8275350)"
154,"terralith:highlands","0x00C0D8FF (12638463)","0x0078A7FF (7907327)","0x003F76E4 (4159204)","0x00050533 (329011)","0xFF99B672 (  -6703502)","0xFF72A754 (  -9263276)"
155,"terralith:hot_shrubland","0x00C7D3D8 (13095896)","0x00C1D3DC (12702684)","0x0077E0F7 (7856375)","0x00050533 (329011)","0x00C3AF67 (  12824423)","0x00B9A480 (  12166272)"
156,"biomeswevegone:howling_peaks","0x00C0D8FF (12638463)","0x00C1CCCC (12700876)","0x005E9CC9 (6200521)","0x005E9CC9 (6200521)","0x00F19D25 (  15834405)","0x00F19D25 (  15834405)"
157,"regions_unexplored:hyacinth_deeps","0x00C0D8FF (12638463)","0x007FA1FF (8364543)","0x003986C9 (3770057)","0x00052133 (336179)","0xFF6ABA6B (  -9782677)","0xFF81BA6A (  -8275350)"
158,"terralith:ice_marsh","0x00A2ABA8 (10660776)","0x00A1BCB1 (10599601)","0x00617B72 (6388594)","0x00232317 (2302743)","0x006A7039 (   6975545)","0x009E814D (  10387789)"
159,"minecraft:ice_spikes","0x00D7D8E1 (14145761)","0x00A5B0BD (10858685)","0x003F76E4 (4159204)","0x00050533 (329011)","0xFF8AB18D (  -7687795)","0xFF5EA37B ( -10574981)"
160,"regions_unexplored:icy_heights","0x00C0D8FF (12638463)","0x007FA1FF (8364543)","0x003F76E4 (4159204)","0x00050533 (329011)","0xFF75C48B (  -9059189)","0xFF68BA6F (  -9913745)"
161,"regions_unexplored:infernal_holt","0x0035180D (3479565)","0x0035180D (3479565)","0x0035180D (3479565)","0x0035180D (3479565)","0x006F5349 (   7295817)","0x006F5349 (   7295817)"
162,"biomeswevegone:ironwood_gour","0x00C0D8FF (12638463)","0x0075AAFF (7711487)","0x003F76E4 (4159204)","0x00050533 (329011)","0x00A5A56A (  10855786)","0x00A5A56A (  10855786)"
163,"biomeswevegone:jacaranda_jungle","0x00C0D8FF (12638463)","0x0077A8FF (7842047)","0x003F76E4 (4159204)","0x00050533 (329011)","0x009ACD32 (  10145074)","0x00D861A3 (  14180771)"
164,"biomesoplenty:jade_cliffs","0x00BBD1D5 (12308949)","0x00B7CCAD (12045485)","0x003F76E4 (4159204)","0x00050533 (329011)","0x007CA568 (   8168808)","0x008BB76E (   9156462)"
165,"minecraft:jagged_peaks","0x00D7D8E1 (14145761)","0x00A5B0BD (10858685)","0x003938C9 (3750089)","0x00050533 (329011)","0xFF8AB18D (  -7687795)","0xFF5EA37B ( -10574981)"
166,"regions_unexplored:joshua_desert","0x00C0D8FF (12638463)","0x006EB1FF (7254527)","0x003F76E4 (4159204)","0x00050533 (329011)","0xFFFFEBA3 (     -5213)","0xFF7FAE4D (  -8409523)"
167,"minecraft:jungle","0x00C0D8FF (12638463)","0x0077A8FF (7842047)","0x003F76E4 (4159204)","0x00050533 (329011)","0xFF65C732 ( -10107086)","0xFF2CC005 ( -13844475)"
168,"terralith:jungle_mountains","0x00A2BBD2 (10664914)","0x00A1BCE6 (10599654)","0x0077E0F7 (7856375)","0x00050533 (329011)","0x0072AA06 (   7514630)","0x0071B406 (   7451654)"
169,"biomesoplenty:lavender_field","0x00C0D8FF (12638463)","0x0078A7FF (7907327)","0x003F76E4 (4159204)","0x00050533 (329011)","0x00A1C36D (  10601325)","0x00A1C36D (  10601325)"
170,"biomesoplenty:lavender_forest","0x00C0D8FF (12638463)","0x0078A7FF (7907327)","0x003F76E4 (4159204)","0x00050533 (329011)","0x00A1C36D (  10601325)","0x00A1C36D (  10601325)"
171,"terralith:lavender_forest","0x00C0D8FF (12638463)","0x0079A6FF (7972607)","0x0087B2F4 (8893172)","0x00050533 (329011)","0x009BE0BC (  10215612)","0x00C8B7FF (  13154303)"
172,"terralith:lavender_valley","0x00C0D8FF (12638463)","0x0079A6FF (7972607)","0x0087B2F4 (8893172)","0x00050533 (329011)","0x009BE0BC (  10215612)","0x00C8B7FF (  13154303)"
173,"galosphere:lichen_caves","0x00C0D8FF (12638463)","0x007BA4FF (8103167)","0x003F76E4 (4159204)","0x00050533 (329011)","0xFF98B76A (  -6768790)","0xFF70AA4A (  -9393590)"
174,"minecraft:lukewarm_ocean","0x00C0D8FF (12638463)","0x007BA4FF (8103167)","0x0045ADF2 (4566514)","0x00041633 (267827)","0xFF98B76A (  -6768790)","0xFF70AA4A (  -9393590)"
175,"minecraft:lush_caves","0x00C0D8FF (12638463)","0x007BA4FF (8103167)","0x0077E0F7 (7856375)","0x00050533 (329011)","0xFF98B76A (  -6768790)","0xFF70AA4A (  -9393590)"
176,"biomesoplenty:lush_desert","0x00C0D8FF (12638463)","0x0077A8FF (7842047)","0x0045ADF2 (4566514)","0x00041633 (267827)","0x00EFE182 (  15720834)","0x00D3D156 (  13881686)"
177,"terralith:lush_desert","0x00CDE6FF (13494015)","0x00B1D1FF (11653631)","0x0077E0F7 (7856375)","0x00050533 (329011)","0x00DCAC56 (  14462038)","0x00836841 (   8611905)"
178,"biomesoplenty:lush_savanna","0x00C0D8FF (12638463)","0x0077A8FF (7842047)","0x0045ADF2 (4566514)","0x00041633 (267827)","0x00EFE182 (  15720834)","0x00D3D156 (  13881686)"
179,"biomeswevegone:lush_stacks","0x00C0D8FF (12638463)","0x0076A8FF (7776511)","0x0043D5EE (4445678)","0x002B444C (2835532)","0x009CCC3D (  10275901)","0x009CCC3D (  10275901)"
180,"terralith:lush_valley","0x00D7D8E1 (14145761)","0x00A5B0BD (10858685)","0x00617B90 (6388624)","0x00232317 (2302743)","0x0070A57B (   7382395)","0x00F3B437 (  15971383)"
181,"regions_unexplored:magnolia_woodland","0x00C0D8FF (12638463)","0x0079A6FF (7972607)","0x003F76E4 (4159204)","0x00050533 (329011)","0x009ECA3B (  10406459)","0x0080BD29 (   8437033)"
182,"minecraft:mangrove_swamp","0x00C0D8FF (12638463)","0x0078A7FF (7907327)","0x003A7A6A (3832426)","0x004D7A60 (5077600)","0x006A7039 (   6975545)","0x008DB127 (   9285927)"
183,"regions_unexplored:maple_forest","0x00C0D8FF (12638463)","0x007AA5FF (8037887)","0x003F76E4 (4159204)","0x00050533 (329011)","0x0091BC50 (   9550928)","0x00629C29 (   6462505)"
184,"biomeswevegone:maple_taiga","0x00C0D8FF (12638463)","0x007DA3FF (8233983)","0x003F76E4 (4159204)","0x00050533 (329011)","0x00647F57 (   6586199)","0x00D8C536 (  14206262)"
185,"biomesoplenty:maple_woods","0x00C0D8FF (12638463)","0x007DA3FF (8233983)","0x003F76E4 (4159204)","0x00050533 (329011)","0xFF92B37C (  -7163012)","0xFF6BA564 (  -9722524)"
186,"biomesoplenty:marsh","0x00C0D8FF (12638463)","0x0079A6FF (7972607)","0x003F76E4 (4159204)","0x00050533 (329011)","0xFF8BBB5A (  -7619750)","0xFF60AF35 ( -10440907)"
187,"regions_unexplored:marsh","0x00C0D8FF (12638463)","0x0077A8FF (7842047)","0xFF477BB7 (-12092489)","0xFF2F4D5E (-13677218)","0xFF7DBF61 (  -8536223)","0xFF80C16C (  -8339092)"
188,"goodending:marshy_swamp","0x0076AD8E (7777678)","0x00ABD9C3 (11262403)","0x003A7A6A (3832426)","0x004D7A60 (5077600)","0x00829A42 (   8559170)","0x0081A225 (   8495653)"
189,"regions_unexplored:mauve_hills","0x00C0D8FF (12638463)","0x0076A8FF (7776511)","0x0054A179 (5546361)","0x00050533 (329011)","0x0072B794 (   7518100)","0x003C87D0 (   3966928)"
190,"minecraft:meadow","0x00C0D8FF (12638463)","0x007BA4FF (8103167)","0x000E4ECF (937679)","0x00050533 (329011)","0xFF8CB865 (  -7554971)","0xFF62AC45 ( -10310587)"
191,"biomesoplenty:mediterranean_forest","0x00C0D8FF (12638463)","0x0078A7FF (7907327)","0x0045ADF2 (4566514)","0x00041633 (267827)","0xFFA5BA56 (  -5916074)","0xFF83AC2F (  -8147921)"
192,"terralith:mirage_isles","0x00C0D8FF (12638463)","0x00C0A8FF (12626175)","0x00A298E4 (10655972)","0x00050533 (329011)","0x002AB2C7 (   2798279)","0x0067E6C8 (   6809288)"
193,"biomeswevegone:mojave_desert","0x00C0D8FF (12638463)","0x006EB1FF (7254527)","0x003F76E4 (4159204)","0x00050533 (329011)","0xFFC8B650 (  -3623344)","0xFFB2A726 (  -5069018)"
194,"terralith:moonlight_grove","0x00C0D8FF (12638463)","0x0079A6FF (7972607)","0x0092B2E1 (9614049)","0x00050533 (329011)","0x009EB2E1 (  10400481)","0x007CC895 (   8177813)"
195,"terralith:moonlight_valley","0x00C0D8FF (12638463)","0x0079A6FF (7972607)","0x0092B2E1 (9614049)","0x00050533 (329011)","0x009EB2E1 (  10400481)","0x007CC895 (   8177813)"
196,"biomesoplenty:moor","0x00C0D8FF (12638463)","0x007AA5FF (8037887)","0x003F76E4 (4159204)","0x00050533 (329011)","0x0071AA70 (   7449200)","0x0078C46D (   7914605)"
197,"terralith:mountain_steppe","0x00C0D8FF (12638463)","0x0078A7FF (7907327)","0x003F76E4 (4159204)","0x00050533 (329011)","0xFF97B571 (  -6834831)","0xFF71A754 (  -9328812)"
198,"regions_unexplored:mountains","0x00C0D8FF (12638463)","0x007CA4FF (8168703)","0x003F76E4 (4159204)","0x00050533 (329011)","0xFF84A75A (  -8083622)","0xFF758646 (  -9075130)"
199,"regions_unexplored:muddy_river","0x00C0D8FF (12638463)","0x0079A6FF (7972607)","0xFF3F6FB4 (-12619852)","0x00717868 (7436392)","0xFFA3C563 (  -6044317)","0xFF92BF54 (  -7159980)"
200,"minecraft:mushroom_fields","0x00C0D8FF (12638463)","0x0077A8FF (7842047)","0x009A8BE4 (10128356)","0x00050533 (329011)","0xFF61C634 ( -10369484)","0xFF27C009 ( -14172151)"
201,"biomesoplenty:muskeg","0x00C0D8FF (12638463)","0x007FA1FF (8364543)","0x003F76E4 (4159204)","0x00050533 (329011)","0x0094966E (   9737838)","0x008D9B6B (   9280363)"
202,"regions_unexplored:mycotoxic_undergrowth","0x00A38B24 (10717988)","0x00A38B24 (10717988)","0x00A38B24 (10717988)","0x00A38B24 (10717988)","0x00A38B24 (  10717988)","0x00A38B24 (  10717988)"
203,"biomesoplenty:mystic_grove","0x00FFC9DA (16763354)","0x00AAEFFF (11202559)","0x009C3FE4 (10239972)","0x002E0533 (3015987)","0x0069CFDB (   6934491)","0x0070E0B5 (   7397557)"
204,"minecraft:nether_wastes","0x00330808 (3344392)","0x006EB1FF (7254527)","0x003F76E4 (4159204)","0x00050533 (329011)","0xFFC8B650 (  -3623344)","0xFFB2A726 (  -5069018)"
205,"goodending:oak_hammock_forest","0x00C0D8FF (12638463)","0x0079A6FF (7972607)","0x003F76E4 (4159204)","0x00050533 (329011)","0xFF83BE53 (  -8143277)","0xFF57B22C ( -11029972)"
206,"minecraft:ocean","0x00C0D8FF (12638463)","0x007BA4FF (8103167)","0x003F76E4 (4159204)","0x00050533 (329011)","0xFF98B76A (  -6768790)","0xFF70AA4A (  -9393590)"
207,"regions_unexplored:old_growth_bayou","0xAF87AD82 (-1350062718)","0xAF87AD82 (-1350062718)","0xFF437C4A (-12354486)","0xFF60894A (-10450614)","0xFF7CA254 (  -8609196)","0xFF71934C (  -9333940)"
208,"minecraft:old_growth_birch_forest","0x00C0D8FF (12638463)","0x007AA5FF (8037887)","0x003F76E4 (4159204)","0x00050533 (329011)","0xFF92B95F (  -7161505)","0xFF69AC3C (  -9851844)"
209,"biomesoplenty:old_growth_dead_forest","0x00C0D8FF (12638463)","0x007CA3FF (8168447)","0x003F76E4 (4159204)","0x00050533 (329011)","0x00BAAD64 (  12234084)","0x00B7B763 (  12040035)"
210,"minecraft:old_growth_pine_taiga","0x00C0D8FF (12638463)","0x007CA3FF (8168447)","0x003F76E4 (4159204)","0x00050533 (329011)","0xFF8FB576 (  -7359114)","0xFF67A75D (  -9984163)"
211,"minecraft:old_growth_spruce_taiga","0x00C0D8FF (12638463)","0x007DA3FF (8233983)","0x003F76E4 (4159204)","0x00050533 (329011)","0xFF8EB379 (  -7425159)","0xFF66A662 ( -10049950)"
212,"biomesoplenty:old_growth_woodland","0x00C0D8FF (12638463)","0x0078A7FF (7907327)","0x003F76E4 (4159204)","0x00050533 (329011)","0x009CC439 (  10273849)","0x0085B408 (   8762376)"
213,"biomesoplenty:ominous_woods","0x007881A5 (7897509)","0x0084A1CC (8692172)","0x00312346 (3220294)","0x000A030C (656140)","0x004C4A70 (   4999792)","0x006B487C (   7030908)"
214,"biomesoplenty:orchard","0x00C0D8FF (12638463)","0x0078A7FF (7907327)","0x003F76E4 (4159204)","0x00050533 (329011)","0x00A9DB69 (  11131753)","0x00C9F75D (  13236061)"
215,"biomeswevegone:orchard","0x00C0D8FF (12638463)","0x0078A7FF (7907327)","0x003F76E4 (4159204)","0x00050533 (329011)","0x009BCC3D (  10210365)","0x009BCC3D (  10210365)"
216,"regions_unexplored:orchard","0x00C0D8FF (12638463)","0x0079A6FF (7972607)","0x003F76E4 (4159204)","0x00050533 (329011)","0x00B2CC67 (  11717735)","0x00A2CC68 (  10669160)"
217,"terralith:orchid_swamp","0x00A2ABA8 (10660776)","0x00A1BCB1 (10599601)","0x00617B64 (6388580)","0x00232317 (2302743)","0x005F9B76 (   6265718)","0x005C8E47 (   6065735)"
218,"biomesoplenty:origin_valley","0x00B0CFFF (11587583)","0x008CBDFF (9223679)","0x000E31FF (930303)","0x00070059 (458841)","0x009AFF5F (  10157919)","0x003AFF00 (   3866368)"
219,"blueprint:original_source_marker","0x00C0D8FF (12638463)","0x007BA4FF (8103167)","0x003F76E4 (4159204)","0x00050533 (329011)","0xFF98B76A (  -6768790)","0xFF70AA4A (  -9393590)"
220,"regions_unexplored:outback","0x00C0D8FF (12638463)","0x006EB1FF (7254527)","0x003F76E4 (4159204)","0x00050533 (329011)","0xFFB8BA55 (  -4670891)","0xFF85AC56 (  -8016810)"
221,"biomeswevegone:overgrowth_woodlands","0x00C0D8FF (12638463)","0x008ECC90 (9358480)","0x003F76E4 (4159204)","0x00050533 (329011)","0x006C8031 (   7110705)","0x006C8031 (   7110705)"
222,"terralith:painted_mountains","0x00E2D7C3 (14866371)","0x00E2D3B3 (14865331)","0x003F76E4 (4159204)","0x00050533 (329011)","0xFFA2BD45 (  -6111931)","0xFF83B019 (  -8146919)"
223,"biomesoplenty:pasture","0x00C0D8FF (12638463)","0x0078A7FF (7907327)","0x003F76E4 (4159204)","0x00050533 (329011)","0x00E4EA77 (  15002231)","0x00C7E672 (  13100658)"
224,"regions_unexplored:pine_slopes","0x00C0D8FF (12638463)","0x007CA4FF (8168703)","0x003F76E4 (4159204)","0x00050533 (329011)","0xFF84A75A (  -8083622)","0xFF758646 (  -9075130)"
225,"regions_unexplored:pine_taiga","0x00C0D8FF (12638463)","0x0079A6FF (7972607)","0x003F76E4 (4159204)","0x00050533 (329011)","0x0084A75A (   8693594)","0x00758646 (   7702086)"
226,"galosphere:pink_salt_caves","0x00C0D8FF (12638463)","0x007BA4FF (8103167)","0x003F76E4 (4159204)","0x00050533 (329011)","0xFF98B76A (  -6768790)","0xFF70AA4A (  -9393590)"
227,"minecraft:plains","0x00C0D8FF (12638463)","0x0078A7FF (7907327)","0x003F76E4 (4159204)","0x00050533 (329011)","0xFF9ABC53 (  -6636461)","0xFF77AF2B (  -8933589)"
228,"regions_unexplored:poppy_fields","0x00C0D8FF (12638463)","0x0079A6FF (7972607)","0x003F76E4 (4159204)","0x00050533 (329011)","0x0084C445 (   8700997)","0x0073A538 (   7578936)"
229,"biomesoplenty:prairie","0x00C0D8FF (12638463)","0x0078A7FF (7907327)","0x003F76E4 (4159204)","0x00050533 (329011)","0x00E4EA77 (  15002231)","0x00C7E672 (  13100658)"
230,"biomeswevegone:prairie","0x00C0D8FF (12638463)","0x0078A7FF (7907327)","0x003F76E4 (4159204)","0x00050533 (329011)","0x0098A521 (  10003745)","0x0098A521 (  10003745)"
231,"regions_unexplored:prairie","0x00C0D8FF (12638463)","0x0079A6FF (7972607)","0x003F76E4 (4159204)","0x00050533 (329011)","0xFFD6D579 (  -2697863)","0xFF77B14D (  -8933043)"
232,"regions_unexplored:prismachasm","0x00C0D8FF (12638463)","0x0079A6FF (7972607)","0x003F76E4 (4159204)","0x00050533 (329011)","0xFF9AE7B6 (  -6625354)","0xFF0099FF ( -16737793)"
233,"regions_unexplored:pumpkin_fields","0x00C0D8FF (12638463)","0x0079A6FF (7972607)","0x003F76E4 (4159204)","0x00050533 (329011)","0x00B0C74E (  11585358)","0x0096B73A (   9877306)"
234,"biomesoplenty:pumpkin_patch","0x00C0D8FF (12638463)","0x007CA4FF (8168703)","0x003F76E4 (4159204)","0x00050533 (329011)","0x00DDBF4A (  14532426)","0x00CED14A (  13553994)"
235,"biomeswevegone:pumpkin_valley","0x00C0D8FF (12638463)","0x007CA3FF (8168447)","0x003F76E4 (4159204)","0x00050533 (329011)","0x00AFAF59 (  11513689)","0x00BDBF41 (  12435265)"
236,"biomeswevegone:rainbow_beach","0x00C0D8FF (12638463)","0x0078A7FF (7907327)","0x0045ADF2 (4566514)","0x00041633 (267827)","0xFF7BC043 (  -8667069)","0xFF4DB719 ( -11684071)"
237,"biomesoplenty:rainforest","0x00C0D8FF (12638463)","0x0075AAFF (7711487)","0x003FDF99 (4186009)","0x00042F26 (274214)","0x00A7E140 (  11002176)","0x0088E140 (   8970560)"
238,"regions_unexplored:rainforest","0x00C0D8FF (12638463)","0x0076A8FF (7776511)","0x00219CD3 (2202835)","0x000A57A6 (677798)","0xFF6BB549 (  -9718455)","0xFF57A931 ( -11032271)"
239,"terralith:red_oasis","0x00E2D7C3 (14866371)","0x00E2D3B3 (14865331)","0x0045BE90 (4570768)","0x00050533 (329011)","0x0077B338 (   7844664)","0x004EB338 (   5157688)"
240,"biomeswevegone:red_rock_valley","0x00C0D8FF (12638463)","0x0075AAFF (7711487)","0x003F76E4 (4159204)","0x00050533 (329011)","0x00A5A56A (  10855786)","0x00A5A56A (  10855786)"
241,"regions_unexplored:redstone_abyss","0x00530000 (5439488)","0x00530000 (5439488)","0x00A21914 (10623252)","0x00A21914 (10623252)","0x00A21914 (  10623252)","0x00A21914 (  10623252)"
242,"regions_unexplored:redstone_caves","0x00C0D8FF (12638463)","0x0079A6FF (7972607)","0x003F76E4 (4159204)","0x00050533 (329011)","0xFFA3C563 (  -6044317)","0xFFA3C563 (  -6044317)"
243,"biomesoplenty:redwood_forest","0x00C0D8FF (12638463)","0x0078A7FF (7907327)","0x003F76E4 (4159204)","0x00050533 (329011)","0x00B5D55C (  11916636)","0x008EBF42 (   9355074)"
244,"biomeswevegone:redwood_thicket","0x00C0D8FF (12638463)","0x0077A8FF (7842047)","0x003F76E4 (4159204)","0x00050533 (329011)","0x0087BF5F (   8896351)","0x0087BF5F (   8896351)"
245,"regions_unexplored:redwoods","0x00C0D8FF (12638463)","0x0078A7FF (7907327)","0x003F76E4 (4159204)","0x00050533 (329011)","0x007DBC39 (   8240185)","0x0072A238 (   7512632)"
246,"minecraft:river","0x00C0D8FF (12638463)","0x007BA4FF (8103167)","0x003F76E4 (4159204)","0x00050533 (329011)","0xFF98B76A (  -6768790)","0xFF70AA4A (  -9393590)"
247,"terralith:rocky_jungle","0x00A2BBD2 (10664914)","0x00A1BCE6 (10599654)","0x0077E0F7 (7856375)","0x00050533 (329011)","0x0072AA06 (   7514630)","0x0071B406 (   7451654)"
248,"regions_unexplored:rocky_meadow","0x00C0D8FF (12638463)","0x0078A7FF (7907327)","0x003F76E4 (4159204)","0x00050533 (329011)","0xFF8DC571 (  -7486095)","0xFF76A45D (  -9001891)"
249,"terralith:rocky_mountains","0x00D7D8E1 (14145761)","0x00A5B0BD (10858685)","0x003F76E4 (4159204)","0x00050533 (329011)","0xFF97B378 (  -6835336)","0xFF71A55F (  -9329313)"
250,"biomesoplenty:rocky_rainforest","0x00C0D8FF (12638463)","0x0075AAFF (7711487)","0x003FDF99 (4186009)","0x00042F26 (274214)","0x00A7E140 (  11002176)","0x0088E140 (   8970560)"
251,"regions_unexplored:rocky_reef","0x00C0D8FF (12638463)","0x0076A8FF (7776511)","0xFF35BCD6 (-13255466)","0xFF558AA8 (-11171160)","0xFF54B53B ( -11225797)","0xFF4EBA34 ( -11617740)"
252,"biomesoplenty:rocky_shrubland","0x00C0D8FF (12638463)","0x007AA5FF (8037887)","0x003F76E4 (4159204)","0x00050533 (329011)","0xFFADB567 (  -5393049)","0xFF8DA747 (  -7493817)"
253,"terralith:rocky_shrubland","0x00CDE6FF (13494015)","0x00B1D1FF (11653631)","0x003F76A0 (4159136)","0x00050533 (329011)","0x00937554 (   9663828)","0x00B99470 (  12162160)"
254,"biomeswevegone:rose_fields","0x00C0D8FF (12638463)","0x0078A7FF (7907327)","0x003F76E4 (4159204)","0x00050533 (329011)","0x007D9B64 (   8231780)","0x007D9B64 (   8231780)"
255,"biomeswevegone:rugged_badlands","0x00C0D8FF (12638463)","0x0075AAFF (7711487)","0x003F76E4 (4159204)","0x00050533 (329011)","0x00A5A56A (  10855786)","0x00A5A56A (  10855786)"
256,"regions_unexplored:saguaro_desert","0x00C0D8FF (12638463)","0x006EB1FF (7254527)","0x003F76E4 (4159204)","0x00050533 (329011)","0xFFBFB755 (  -4212907)","0xFF97AE29 (  -6836695)"
257,"biomeswevegone:sakura_grove","0x00C0D8FF (12638463)","0x0079A6FF (7972607)","0x003F76E4 (4159204)","0x00050533 (329011)","0x00A7D86C (  10999916)","0x00A7D86C (  10999916)"
258,"terralith:sakura_grove","0x00D2EBFF (13822975)","0x00A5C5FF (10864127)","0x004BB7CF (4962255)","0x00050533 (329011)","0x0079CF85 (   7982981)","0x00FFABCC (  16755660)"
259,"terralith:sakura_valley","0x00D2EBFF (13822975)","0x00A5C5FF (10864127)","0x004BB7CF (4962255)","0x00050533 (329011)","0x0079CF85 (   7982981)","0x00FFCCDB (  16764123)"
260,"terralith:sandstone_valley","0x00CDE6FF (13494015)","0x00B1D1FF (11653631)","0x0045BE90 (4570768)","0x00050533 (329011)","0x0077B338 (   7844664)","0x004EB338 (   5157688)"
261,"minecraft:savanna","0x00CDE6FF (13494015)","0x00B1D1FF (11653631)","0x003F76E4 (4159204)","0x00050533 (329011)","0xFFC8B650 (  -3623344)","0xFFB2A726 (  -5069018)"
262,"terralith:savanna_badlands","0x00CDE6FF (13494015)","0x00B1D1FF (11653631)","0x004D76BC (5076668)","0x00050533 (329011)","0xFFC8B650 (  -3623344)","0xFFB2A726 (  -5069018)"
263,"minecraft:savanna_plateau","0x00CDE6FF (13494015)","0x00B1D1FF (11653631)","0x003F76E4 (4159204)","0x00050533 (329011)","0xFFC8B650 (  -3623344)","0xFFB2A726 (  -5069018)"
264,"terralith:savanna_slopes","0x00CDE6FF (13494015)","0x00B1D1FF (11653631)","0x003F76E4 (4159204)","0x00050533 (329011)","0xFFC8B650 (  -3623344)","0xFFB2A726 (  -5069018)"
265,"terralith:scarlet_mountains","0x00D7D8E1 (14145761)","0x00A5B0BD (10858685)","0x003F76E4 (4159204)","0x00050533 (329011)","0x00901222 (   9441826)","0xFF65A472 ( -10115982)"
266,"regions_unexplored:scorching_caves","0x00C0D8FF (12638463)","0x0079A6FF (7972607)","0x003F76E4 (4159204)","0x00050533 (329011)","0xFF7C7260 (  -8621472)","0xFF776F66 (  -8949914)"
267,"biomesoplenty:scrubland","0x00C0D8FF (12638463)","0x0076A9FF (7776767)","0x003F76E4 (4159204)","0x00050533 (329011)","0xFFB6BB4B (  -4801717)","0xFF9AAD20 (  -6640352)"
268,"biomesoplenty:seasonal_forest","0x00C0D8FF (12638463)","0x007CA4FF (8168703)","0x003F76E4 (4159204)","0x00050533 (329011)","0x00DD9A4A (  14522954)","0x00D1B24A (  13742666)"
269,"biomesoplenty:seasonal_orchard","0x00C0D8FF (12638463)","0x007CA4FF (8168703)","0x003F76E4 (4159204)","0x00050533 (329011)","0x00DDAB4A (  14527306)","0x00D1C24A (  13746762)"
270,"biomeswevegone:shattered_glacier","0x00C0D8FF (12638463)","0x00C1CCCC (12700876)","0x005E9CC9 (6200521)","0x005E9CC9 (6200521)","0x00F19D25 (  15834405)","0x00F19D25 (  15834405)"
271,"terralith:shield","0x00D7D8E1 (14145761)","0x00A5B0BD (10858685)","0x00617B90 (6388624)","0x00232317 (2302743)","0x0070A57B (   7382395)","0x00F3B437 (  15971383)"
272,"terralith:shield_clearing","0x00D7D8E1 (14145761)","0x00A5B0BD (10858685)","0x00617B90 (6388624)","0x00232317 (2302743)","0xFFA2B475 (  -6114187)","0xFF7EA557 (  -8477353)"
273,"biomesoplenty:shrubland","0x00C0D8FF (12638463)","0x007AA5FF (8037887)","0x003F76E4 (4159204)","0x00050533 (329011)","0xFFADB567 (  -5393049)","0xFF8DA747 (  -7493817)"
274,"regions_unexplored:shrubland","0x00C0D8FF (12638463)","0x0079A6FF (7972607)","0x003F76E4 (4159204)","0x00050533 (329011)","0xFF9AB75B (  -6637733)","0xFF76AF57 (  -8999081)"
275,"terralith:shrubland","0x00CDE6FF (13494015)","0x00B1D1FF (11653631)","0x003F76A0 (4159136)","0x00050533 (329011)","0x00AE9967 (  11442535)","0x00B99470 (  12162160)"
276,"terralith:siberian_grove","0x00D7D8E1 (14145761)","0x00A5B0BD (10858685)","0x00617B90 (6388624)","0x00232317 (2302743)","0x004D836D (   5079917)","0x00EB8540 (  15435072)"
277,"terralith:siberian_taiga","0x00D7D8E1 (14145761)","0x00A5B0BD (10858685)","0x00617B90 (6388624)","0x00232317 (2302743)","0x00629E77 (   6463095)","0x00EB8540 (  15435072)"
278,"biomeswevegone:sierra_badlands","0x00C0D8FF (12638463)","0x0075AAFF (7711487)","0x003F76E4 (4159204)","0x00050533 (329011)","0x00A5A56A (  10855786)","0x00A5A56A (  10855786)"
279,"regions_unexplored:silver_birch_forest","0x00C0D8FF (12638463)","0x007BA4FF (8103167)","0x003F76E4 (4159204)","0x00050533 (329011)","0x00B0C73A (  11585338)","0x0088BB42 (   8960834)"
280,"terralith:skylands","0x00C0D8FF (12638463)","0x007BA4FF (8103167)","0x003F76E4 (4159204)","0x00050533 (329011)","0x00D9AA1F (  14264863)","0x00F5A821 (  16099361)"
281,"terralith:skylands_autumn","0x00C0D8FF (12638463)","0x007BA4FF (8103167)","0x003F76E4 (4159204)","0x00050533 (329011)","0x00D9AA1F (  14264863)","0x00F5A821 (  16099361)"
282,"terralith:skylands_spring","0x00C0D8FF (12638463)","0x007BA4FF (8103167)","0x0043D5EE (4445678)","0x00050533 (329011)","0x009BE6C0 (  10217152)","0x00FFABCC (  16755660)"
283,"terralith:skylands_summer","0x00C0D8FF (12638463)","0x0092C6FF (9619199)","0x0043D5EE (4445678)","0x00050533 (329011)","0x0089DD4E (   9035086)","0x00B4EC4E (  11856974)"
284,"terralith:skylands_winter","0x00C0D8FF (12638463)","0x007BA4FF (8103167)","0x003F76E4 (4159204)","0x00050533 (329011)","0x006783AF (   6783919)","0x00879DAF (   8887727)"
285,"biomeswevegone:skyrise_vale","0x00C0D8FF (12638463)","0x007DA3FF (8233983)","0x003F76E4 (4159204)","0x00050533 (329011)","0x0061CC8C (   6409356)","0x006CE26E (   7135854)"
286,"minecraft:small_end_islands","0x00A080A0 (10518688)","0x00000000 (0)","0x003F76E4 (4159204)","0x00050533 (329011)","0xFF98B76A (  -6768790)","0xFF70AA4A (  -9393590)"
287,"biomesoplenty:snowblossom_grove","0x00C0D8FF (12638463)","0x00819FFF (8495103)","0x003F76E4 (4159204)","0x00050533 (329011)","0x008EA88B (   9349259)","0x0075936E (   7705454)"
288,"terralith:snowy_badlands","0x00D7D8E1 (14145761)","0x00A5B0BD (10858685)","0x003938C9 (3750089)","0x00050533 (329011)","0xFF8AB18D (  -7687795)","0xFF5EA37B ( -10574981)"
289,"minecraft:snowy_beach","0x00C0D8FF (12638463)","0x007FA1FF (8364543)","0x003D57D6 (4020182)","0x00050533 (329011)","0xFF8DB289 (  -7490935)","0xFF62A477 ( -10312585)"
290,"terralith:snowy_cherry_grove","0x00C0D8FF (12638463)","0x007BA4FF (8103167)","0x005DB7EF (6141935)","0x005DB7EF (6141935)","0x00B6DB61 (  11983713)","0x00B6DB61 (  11983713)"
291,"biomesoplenty:snowy_coniferous_forest","0x00C0D8FF (12638463)","0x00819FFF (8495103)","0x003F76E4 (4159204)","0x00050533 (329011)","0xFF8AB18D (  -7687795)","0xFF5EA37B ( -10574981)"
292,"biomesoplenty:snowy_fir_clearing","0x00C0D8FF (12638463)","0x00819FFF (8495103)","0x003F76E4 (4159204)","0x00050533 (329011)","0xFF8AB18D (  -7687795)","0xFF5EA37B ( -10574981)"
293,"terralith:snowy_maple_forest","0x00C0D8FF (12638463)","0x0078A7FF (7907327)","0x003F76E4 (4159204)","0x00050533 (329011)","0xFF8EB186 (  -7425658)","0x00EC5448 (  15488072)"
294,"biomesoplenty:snowy_maple_woods","0x00C0D8FF (12638463)","0x00819FFF (8495103)","0x003F76E4 (4159204)","0x00050533 (329011)","0xFF8AB18D (  -7687795)","0xFF5EA37B ( -10574981)"
295,"minecraft:snowy_plains","0x00D7D8E1 (14145761)","0x00A5B0BD (10858685)","0x003938C9 (3750089)","0x00050533 (329011)","0xFF8AB18D (  -7687795)","0xFF5EA37B ( -10574981)"
296,"terralith:snowy_shield","0x00D7D8E1 (14145761)","0x00A5B0BD (10858685)","0x00617B90 (6388624)","0x00232317 (2302743)","0x0070A57B (   7382395)","0x00F3B437 (  15971383)"
297,"minecraft:snowy_slopes","0x00D7D8E1 (14145761)","0x00A5B0BD (10858685)","0x003938C9 (3750089)","0x00050533 (329011)","0xFF8AB18D (  -7687795)","0xFF5EA37B ( -10574981)"
298,"minecraft:snowy_taiga","0x00D7D8E1 (14145761)","0x00A5B0BD (10858685)","0x003938C9 (3750089)","0x00050533 (329011)","0xFF8AB18D (  -7687795)","0xFF5EA37B ( -10574981)"
299,"minecraft:soul_sand_valley","0x001B4745 (1787717)","0x006EB1FF (7254527)","0x003F76E4 (4159204)","0x00050533 (329011)","0xFFC8B650 (  -3623344)","0xFFB2A726 (  -5069018)"
300,"minecraft:sparse_jungle","0x00C0D8FF (12638463)","0x0077A8FF (7842047)","0x003F76E4 (4159204)","0x00050533 (329011)","0xFF70C637 (  -9386441)","0xFF3BBD09 ( -12862199)"
301,"regions_unexplored:sparse_rainforest","0x00C0D8FF (12638463)","0x0076A8FF (7776511)","0x00219CD3 (2202835)","0x000A57A6 (677798)","0xFF6BB549 (  -9718455)","0xFF57A931 ( -11032271)"
302,"regions_unexplored:sparse_redwoods","0x00C0D8FF (12638463)","0x0078A7FF (7907327)","0x003F76E4 (4159204)","0x00050533 (329011)","0x007DBC39 (   8240185)","0x0072A238 (   7512632)"
303,"biomesoplenty:spider_nest","0x00C0D8FF (12638463)","0x007BA4FF (8103167)","0x003F76E4 (4159204)","0x00050533 (329011)","0xFF98B76A (  -6768790)","0xFF70AA4A (  -9393590)"
304,"regions_unexplored:spires","0x00C0D8FF (12638463)","0x007FA1FF (8364543)","0x003F76E4 (4159204)","0x00050533 (329011)","0xFF56AA70 ( -11097488)","0xFF56AA62 ( -11097502)"
305,"regions_unexplored:steppe","0x00C0D8FF (12638463)","0x006EB1FF (7254527)","0x003F76E4 (4159204)","0x00050533 (329011)","0xFFB2AC65 (  -5067675)","0xFFAAB771 (  -5589135)"
306,"terralith:steppe","0x00C0D8FF (12638463)","0x0078A7FF (7907327)","0x003F76E4 (4159204)","0x00050533 (329011)","0xFFA2B475 (  -6114187)","0xFF7EA557 (  -8477353)"
307,"minecraft:stony_peaks","0x00C0D8FF (12638463)","0x0076A8FF (7776511)","0x003F76E4 (4159204)","0x00050533 (329011)","0xFFA2BD45 (  -6111931)","0xFF83B019 (  -8146919)"
308,"minecraft:stony_shore","0x00C0D8FF (12638463)","0x007DA2FF (8233727)","0x003F76E4 (4159204)","0x00050533 (329011)","0xFFA0B764 (  -6244508)","0xFF7DA943 (  -8541885)"
309,"terralith:stony_spires","0x00C0D8FF (12638463)","0x0076A8FF (7776511)","0x003F76E4 (4159204)","0x00050533 (329011)","0xFFA1B95D (  -6178467)","0xFF7FAB38 (  -8410312)"
310,"minecraft:sunflower_plains","0x00C0D8FF (12638463)","0x0078A7FF (7907327)","0x003F76E4 (4159204)","0x00050533 (329011)","0xFF9ABC53 (  -6636461)","0xFF77AF2B (  -8933589)"
311,"minecraft:swamp","0x00A2ABA8 (10660776)","0x00A1BCB1 (10599601)","0x00617B64 (6388580)","0x00232317 (2302743)","0x006A7039 (   6975545)","0x006A7039 (   6975545)"
312,"minecraft:taiga","0x00C0D8FF (12638463)","0x007DA3FF (8233983)","0x003F76E4 (4159204)","0x00050533 (329011)","0xFF8EB379 (  -7425159)","0xFF66A662 ( -10049950)"
313,"biomeswevegone:temperate_grove","0x00C0D8FF (12638463)","0x0079A6FF (7972607)","0x003F76E4 (4159204)","0x00050533 (329011)","0x00AABF5F (  11190111)","0x00AABF5F (  11190111)"
314,"regions_unexplored:temperate_grove","0x00C0D8FF (12638463)","0x0078A7FF (7907327)","0x003F76E4 (4159204)","0x00050533 (329011)","0x0080AA6C (   8432236)","0x006BA44F (   7054415)"
315,"terralith:temperate_highlands","0x00C0D8FF (12638463)","0x0078A7FF (7907327)","0x003F76E4 (4159204)","0x00050533 (329011)","0x00A4BB58 (  10795864)","0x00EC6E37 (  15494711)"
316,"minecraft:the_end","0x00A080A0 (10518688)","0x00000000 (0)","0x003F76E4 (4159204)","0x00050533 (329011)","0xFF98B76A (  -6768790)","0xFF70AA4A (  -9393590)"
317,"minecraft:the_void","0x00C0D8FF (12638463)","0x007BA4FF (8103167)","0x003F76E4 (4159204)","0x00050533 (329011)","0xFF98B76A (  -6768790)","0xFF70AA4A (  -9393590)"
318,"regions_unexplored:towering_cliffs","0x00C0D8FF (12638463)","0x0079A6FF (7972607)","0x003F76E4 (4159204)","0x00050533 (329011)","0xFF7E9052 (  -8482734)","0xFF8FA960 (  -7362208)"
319,"terralith:tropical_jungle","0x00C0D8FF (12638463)","0x0092C6FF (9619199)","0x0043D5EE (4445678)","0x00050533 (329011)","0x0089DD4E (   9035086)","0x00B4EC4E (  11856974)"
320,"biomeswevegone:tropical_rainforest","0x00C0D8FF (12638463)","0x0077A8FF (7842047)","0x003F76E4 (4159204)","0x00050533 (329011)","0x009ACD32 (  10145074)","0x009ACD32 (  10145074)"
321,"regions_unexplored:tropical_river","0x00C0D8FF (12638463)","0x0076A8FF (7776511)","0x00219CD3 (2202835)","0x000A57A6 (677798)","0x0067BC34 (   6798388)","0x0040A934 (   4237620)"
322,"biomesoplenty:tropics","0x00B2EDFF (11726335)","0x0066BCFF (6733055)","0x0043D5EE (4445678)","0x00041F33 (270131)","0xFF5BC72E ( -10762450)","0xFF1EC201 ( -14761471)"
323,"regions_unexplored:tropics","0x00C0D8FF (12638463)","0x006EB1FF (7254527)","0xFF35BCD6 (-13255466)","0xFF558AA8 (-11171160)","0xFF54B53B ( -11225797)","0xFF4EBA34 ( -11617740)"
324,"biomesoplenty:tundra","0x00C0D8FF (12638463)","0x007DA2FF (8233727)","0x003F76E4 (4159204)","0x00050533 (329011)","0x00C08359 (  12616537)","0x00C5975C (  12949340)"
325,"biomesoplenty:undergrowth","0x001C2109 (1843465)","0x006EB1FF (7254527)","0x003F76E4 (4159204)","0x00050533 (329011)","0xFFC8B650 (  -3623344)","0xFFB2A726 (  -5069018)"
326,"terralith:valley_clearing","0x00C0D8FF (12638463)","0x0078A7FF (7907327)","0x00617B90 (6388624)","0x00232317 (2302743)","0xFFA2B475 (  -6114187)","0xFF7EA557 (  -8477353)"
327,"biomesoplenty:visceral_heap","0x00601F18 (6299416)","0x006EB1FF (7254527)","0x003F76E4 (4159204)","0x00050533 (329011)","0xFFC8B650 (  -3623344)","0xFFB2A726 (  -5069018)"
328,"terralith:volcanic_crater","0x008B98A3 (9148579)","0x00575C66 (5725286)","0x003F76E4 (4159204)","0x00050533 (329011)","0x00C0BBAC (  12630956)","0x00C2C0A9 (  12763305)"
329,"terralith:volcanic_peaks","0x00D7D8E1 (14145761)","0x00A5B0BD (10858685)","0x003F76E4 (4159204)","0x00050533 (329011)","0x00C0BBAC (  12630956)","0x00C2C0A9 (  12763305)"
330,"biomesoplenty:volcanic_plains","0x00C0D8FF (12638463)","0x0077A8FF (7842047)","0x0045ADF2 (4566514)","0x00041633 (267827)","0x004A703B (   4878395)","0x00547D42 (   5537090)"
331,"biomesoplenty:volcano","0x007F7F7F (8355711)","0x0077A8FF (7842047)","0x0045ADF2 (4566514)","0x00041633 (267827)","0x004A703B (   4878395)","0x00547D42 (   5537090)"
332,"minecraft:warm_ocean","0x00C0D8FF (12638463)","0x007BA4FF (8103167)","0x0043D5EE (4445678)","0x00041F33 (270131)","0xFF98B76A (  -6768790)","0xFF70AA4A (  -9393590)"
333,"terralith:warm_river","0x00CDE6FF (13494015)","0x00B1D1FF (11653631)","0x0077E0F7 (7856375)","0x00050533 (329011)","0xFF98B76A (  -6768790)","0xFF70AA4A (  -9393590)"
334,"minecraft:warped_forest","0x001A051A (1705242)","0x006EB1FF (7254527)","0x003F76E4 (4159204)","0x00050533 (329011)","0xFFC8B650 (  -3623344)","0xFFB2A726 (  -5069018)"
335,"terralith:warped_mesa","0x00CCB6ED (13416173)","0x00C0A8FF (12626175)","0x009883D5 (9995221)","0x00050533 (329011)","0x00BEAFDD (  12496861)","0x00448BE4 (   4492260)"
336,"biomesoplenty:wasteland","0x00DBDDC1 (14409153)","0x0070ADEF (7384559)","0x00433721 (4405025)","0x000C0C03 (789507)","0x00AD9364 (  11375460)","0x00B5A76C (  11904876)"
337,"biomesoplenty:wasteland_steppe","0x00CDDADF (13490911)","0x006FAEF6 (7319286)","0x00405682 (4216450)","0x0008081B (526363)","0x00C9B986 (  13220230)","0x00C7C38F (  13091727)"
338,"biomeswevegone:weeping_witch_forest","0x00C0D8FF (12638463)","0x007DA3FF (8233983)","0x003F76E4 (4159204)","0x00050533 (329011)","0x00BDBF41 (  12435265)","0x00BDBF41 (  12435265)"
339,"biomesoplenty:wetland","0x00C0D8FF (12638463)","0x007AA5FF (8037887)","0x00272179 (2564473)","0x000C031B (787227)","0x005A935F (   5935967)","0x004F9657 (   5215831)"
340,"terralith:white_cliffs","0x00C0D8FF (12638463)","0x007DA2FF (8233727)","0x003F76E4 (4159204)","0x00050533 (329011)","0xFF9BB573 (  -6572685)","0xFF76A655 (  -9001387)"
341,"biomeswevegone:white_mangrove_marshes","0x00C0D8FF (12638463)","0x0078A7FF (7907327)","0x0059B27E (5878398)","0x001F3F2C (2047788)","0x00578C4D (   5737549)","0x00578C4D (   5737549)"
342,"terralith:white_mesa","0x00CDE6FF (13494015)","0x00B1D1FF (11653631)","0x004D76BC (5076668)","0x00050533 (329011)","0x0090814D (   9470285)","0x009E814D (  10387789)"
343,"regions_unexplored:willow_forest","0x00C0D8FF (12638463)","0x0079A6FF (7972607)","0x003F76E4 (4159204)","0x00050533 (329011)","0x007AA367 (   8037223)","0x0076AF60 (   7778144)"
344,"biomeswevegone:windswept_desert","0x00C38C80 (12815488)","0x00C38C80 (12815488)","0x005E9CC9 (6200521)","0x005E9CC9 (6200521)","0xFFC8B650 (  -3623344)","0xFFB2A726 (  -5069018)"
345,"minecraft:windswept_forest","0x00C0D8FF (12638463)","0x007DA2FF (8233727)","0x003F76E4 (4159204)","0x00050533 (329011)","0x0057A869 (   5744745)","0xFF6BA469 (  -9722775)"
346,"minecraft:windswept_gravelly_hills","0x00C0D8FF (12638463)","0x007DA2FF (8233727)","0x003F76E4 (4159204)","0x00050533 (329011)","0x0057A869 (   5744745)","0xFF6BA469 (  -9722775)"
347,"minecraft:windswept_hills","0x00C0D8FF (12638463)","0x007DA2FF (8233727)","0x003F76E4 (4159204)","0x00050533 (329011)","0x0057A869 (   5744745)","0xFF6BA469 (  -9722775)"
348,"minecraft:windswept_savanna","0x00C0D8FF (12638463)","0x006EB1FF (7254527)","0x003F76E4 (4159204)","0x00050533 (329011)","0x00C7BA47 (  13089351)","0x00768521 (   7767329)"
349,"terralith:windswept_spires","0x00C0D8FF (12638463)","0x007DA2FF (8233727)","0x003F76E4 (4159204)","0x00050533 (329011)","0xFF93B37F (  -7097473)","0xFF6BA469 (  -9722775)"
350,"terralith:wintry_forest","0x00D7D8E1 (14145761)","0x00A5B0BD (10858685)","0x003938C9 (3750089)","0x00050533 (329011)","0xFF8AB18D (  -7687795)","0xFF5EA37B ( -10574981)"
351,"terralith:wintry_lowlands","0x00D7D8E1 (14145761)","0x00A5B0BD (10858685)","0x003938C9 (3750089)","0x00050533 (329011)","0xFF8AB18D (  -7687795)","0xFF5EA37B ( -10574981)"
352,"biomesoplenty:withered_abyss","0x000A0711 (657169)","0x006EB1FF (7254527)","0x003F76E4 (4159204)","0x00050533 (329011)","0x00312C36 (   3222582)","0x00312C36 (   3222582)"
353,"minecraft:wooded_badlands","0x00E2D7C3 (14866371)","0x00E2D3B3 (14865331)","0x003F76E4 (4159204)","0x00050533 (329011)","0x0090814D (   9470285)","0x009E814D (  10387789)"
354,"biomesoplenty:woodland","0x00C0D8FF (12638463)","0x0078A7FF (7907327)","0x003F76E4 (4159204)","0x00050533 (329011)","0x009CC439 (  10273849)","0x0085B408 (   8762376)"
355,"terralith:yellowstone","0x00E0E9FF (14739967)","0x0077A8FF (7842047)","0x0077E0F7 (7856375)","0x00050533 (329011)","0x00C6D097 (  13029527)","0xFF66A662 ( -10049950)"
356,"terralith:yosemite_cliffs","0x00C0D8FF (12638463)","0x007DA3FF (8233983)","0x003F76E4 (4159204)","0x00050533 (329011)","0xFF8FB671 (  -7358863)","0xFF65A854 ( -10114988)"
357,"terralith:yosemite_lowlands","0x00C0D8FF (12638463)","0x007DA3FF (8233983)","0x003647AA (3557290)","0x00050533 (329011)","0x00598347 (   5866311)","0x00508231 (   5276209)"
358,"biomeswevegone:zelkova_forest","0x00C0D8FF (12638463)","0x007DA3FF (8233983)","0x003F76E4 (4159204)","0x00050533 (329011)","0x0052A575 (   5416309)","0x0052A575 (   5416309)"
